name,slug,category,description_short,price_model,pros,cons,verdict,website_url,affiliate_program
Pipedrive,pipedrive-crm,Vendas,CRM de vendas focado em funil visual que ajuda PMEs a organizarem processos e fecharem mais negócios.,Pago a partir de US$ 14/usuário/mês,Interface visual intuitiva;Assistente de vendas com IA;Marketplace com 300+ integrações,Relatórios avançados apenas nos planos superiores;Cobrança em dólar,Perfeito para equipes comerciais que buscam organização visual imediata e querem fugir de planilhas complexas.,https://www.pipedrive.com/pt,PartnerStack
RD Station CRM,rd-station-crm,Vendas,CRM brasileiro líder que integra nativamente com automação de marketing.,Grátis / Pago a partir de R$ 56/usuário/mês,Plano gratuito robusto;Integração nativa com RD Marketing;Suporte totalmente em português,IA ainda em implementação gradual;Personalização limitada no Free,A escolha lógica para empresas brasileiras que já usam RD Station Marketing e buscam solução integrada.,https://www.rdstation.com/crm/,Afiliados RD Station
HubSpot CRM,hubspot-crm,Vendas,Plataforma completa de CRM que oferece ferramentas gratuitas de marketing vendas e atendimento.,Grátis / Pago a partir de US$ 15/usuário/mês,Plano gratuito eterno;Ecossistema completo;Ferramentas de IA integradas,Preço dos planos pagos salta drasticamente;Suporte limitado no grátis,Ideal para startups que querem começar com custo zero e ter uma ferramenta de classe mundial.,https://www.hubspot.br/products/crm,Impact
Kommo,kommo-crm,Vendas,CRM pioneiro em vendas conversacionais via WhatsApp e Instagram.,Pago a partir de US$ 15/usuário/mês,Focado em vendas por mensagens;Bot de IA para qualificação;Funil visual simples,Interface pode parecer datada;Foco excessivo em chat limita vendas complexas,Essencial para negócios que dependem do WhatsApp para vender e precisam organizar o atendimento.,https://www.kommo.com/br/,Parceiros Kommo
Moskit CRM,moskit-crm,Vendas,CRM brasileiro focado em produtividade de vendas com assistente de IA nativo.,Pago a partir de R$ 59/usuário/mês,Assistente de IA sugere ações;Integração oficial WhatsApp Web;Suporte local ágil,App móvel poderia ser mais fluido;Algumas automações exigem plano superior,Excelente para equipes brasileiras que buscam produtividade e recursos modernos de IA.,https://www.moskitcrm.com/,Parceiros Moskit
Agendor,agendor-crm,Vendas,CRM brasileiro que atua como assistente pessoal para vendas consultivas.,Grátis / Pago a partir de R$ 53/usuário/mês,Foco em vendas consultivas B2B;App móvel excelente;IA Ava ajuda a encontrar dados,Menos focado em automação de marketing;Interface simples para power users,A melhor opção para representantes comerciais e vendedores externos que precisam de um caderninho digital.,https://www.agendor.com.br/,Parceiros Agendor
Zoho CRM,zoho-crm,Vendas,Suíte completa e acessível com IA Zia que oferece recursos enterprise.,Grátis / Pago a partir de US$ 14/usuário/mês,Custo-benefício imbatível;IA Zia oferece previsões;Ecossistema gigante de apps,Curva de aprendizado íngreme;Interface pode ser poluída,Indicado para PMEs que precisam de recursos avançados com orçamento limitado.,https://www.zoho.com/pt-br/crm/,Zoho Affiliate
Freshsales,freshsales-crm,Vendas,CRM intuitivo com IA Freddy AI que foca em encontrar os melhores leads.,Grátis / Pago a partir de US$ 9/usuário/mês,Lead scoring automático;Interface moderna;Telefonia integrada,Cobrança em dólar;Suporte em português pode ser demorado,Ótimo para empresas com muitos leads que precisam da IA para filtrar quem está pronto para comprar.,https://www.freshworks.com/crm/sales/,PartnerStack
Snov.io,snov-io,Vendas,Plataforma de prospecção e cold mail com IA para encontrar leads B2B.,Grátis / Pago a partir de US$ 30/mês,Encontra e verifica e-mails;Automação de drip campaigns;Integração com Pipedrive,Não é um CRM completo;Cobrança em dólar,Indispensável para PMEs B2B que precisam prospectar ativamente novos clientes.,https://snov.io/br,PartnerStack
Apollo.io,apollo-io,Vendas,Banco de dados B2B massivo com ferramentas de engajamento e IA.,Grátis / Pago a partir de US$ 49/usuário/mês,Base de dados B2B incrível;IA para escrever e-mails;Extensão de Chrome útil,Interface complexa para iniciantes;Focado em mercado internacional,Poderoso para times de vendas encontrarem contatos qualificados e iniciarem conversas.,https://www.apollo.io/,PartnerStack
Salesforce Starter,salesforce-starter,Vendas,Versão simplificada do líder mundial com IA Einstein para pequenas empresas.,Pago a partir de US$ 25/usuário/mês,Einstein AI para previsão;Marca reconhecida;Ecossistema AppExchange,Preço premium;Complexidade pode intimidar,Para PMEs que querem a solidez da Salesforce preparada para crescimento rápido.,https://www.salesforce.com/br/products/starter/,Salesforce Partner Program
Meetime,meetime,Vendas,Plataforma brasileira de inside sales com discador e IA de análise.,Pago a partir de R$ 99/usuário/mês,IA analisa gravações;Discador preditivo;Focado no Brasil,Foco exclusivo em inside sales;Preço alto para times pequenos,Indispensável para operações de vendas por telefone que buscam alta performance.,https://www.meetime.com.br/,Parceiros Meetime
Ploomes,ploomes,Vendas,CRM brasileiro robusto com IA para previsão e CPQ.,Pago a partir de R$ 99/usuário/mês,IA prevê fechamento;Geração de propostas;CPQ integrado,Interface pesada;Preço mais alto que nacionais,A escolha premium para vendas B2B complexas no Brasil.,https://www.ploomes.com/,Parceiros Ploomes
Clay,clay-ai,Vendas,Enriquecimento de dados e prospecção B2B com IA em escala.,Pago a partir de US$ 149/mês,IA enriquece leads com 50+ fontes;Automação de pesquisa;Integração com CRMs,Cobrança em dólar premium;Curva de aprendizado,Revolucionário para times de growth que fazem prospecção outbound.,https://clay.com/,Clay Partner Program
Close CRM,close-crm,Vendas,CRM focado em inside sales com telefonia nativa e automação de follow-up com IA.,Pago a partir de US$ 49/usuário/mês,Telefonia nativa sem integrações;IA sugere próximos passos;Focado em produtividade de vendas,Preço em dólar;Menos visual que concorrentes,Perfeito para times de vendas por telefone que precisam de velocidade e automação inteligente.,https://close.com/,Close Affiliate Program
Take Blip,take-blip,Atendimento,Plataforma líder para grandes operações com IA nativa e API Oficial.,Pago (Plano Blip Go aprox. R$ 800/mês),Conexão Oficial Risco Zero;IA generativa nativa;Suporte robusto,Custo elevado para iniciantes;Cobra por mensagem Meta,A escolha segura para empresas que buscam escala profissional sem risco de banimento.,https://www.blip.ai/,Parceiros Blip
Wati,wati-whatsapp,Atendimento,Solução oficial focada em simplicidade e e-commerce.,Pago (Aprox. US$ 49/mês),Interface amigável;Ótimo para e-commerce;Selo verde possível,Cobrança em Dólar;Suporte em inglês predominante,Ideal para lojas virtuais que querem segurança da API oficial sem complexidade.,https://www.wati.io/,Wati Affiliate
Typebot,typebot,Atendimento,Construtor de bots visual drag-and-drop open source.,Grátis (Self-hosted) / Pago (US$ 89/mês),Flexibilidade visual incrível;Pode ser self-hosted;Comunidade vibrante,Requer conhecimento técnico;Limitações visuais do WhatsApp,A melhor ferramenta para criar fluxos de conversa avançados e capturar leads.,https://typebot.io/,Typebot Affiliate
Octadesk,octadesk,Atendimento,Híbrido de Chat e Helpdesk via WhatsApp.,Pago (A partir de R$ 500/mês),Transforma zap em ticket;IA Woz ajuda;Relatórios detalhados,Focado em suporte;Preço intermediário,Essencial para empresas de serviço que precisam formalizar o atendimento.,https://www.octadesk.com/,Octa Partners
Zendesk,zendesk-service,Atendimento,Padrão global de atendimento omnicanal.,Pago (US$ 19/agente/mês),Líder mundial;Omnicanal real;Relatórios imbatíveis,Complexo de configurar;Custo em dólar caro,Para PMEs em crescimento rápido estruturando Customer Success.,https://www.zendesk.com.br/,Zendesk Partners
Intercom,intercom,Atendimento,Plataforma líder em chat ao vivo com IA Fin que resolve até 50% dos tickets automaticamente.,Pago a partir de US$ 39/mês,IA Fin extremamente precisa;Onboarding de usuários;Mensageria proativa,Preço premium em dólar;Complexo para pequenas operações,O padrão-ouro para empresas SaaS que querem atendimento e onboarding de classe mundial.,https://www.intercom.com/,Intercom Partner Program
Tidio,tidio-chat,Atendimento,Chat ao vivo e chatbot focado em recuperar vendas.,Grátis / Pago (US$ 29/mês),IA Lyro responde sozinha;Instalação rápida;App móvel bom,Separa preços Humanos/Bots;Foco no widget do site,Excelente para e-commerces unirem chat do site e WhatsApp.,https://www.tidio.com/,Tidio Affiliate
Respond.io,respond-io,Atendimento,Caixa de entrada centralizada para múltiplos canais.,Pago (US$ 79/mês),Gestão de múltiplos canais;Fluxos flexíveis;Independe de celular,Preço salgado;Focado em mensagens não tickets,A solução para empresas Omnichannel com mensagens de todo lado.,https://respond.io/,Respond.io Partner
Chatwoot,chatwoot,Atendimento,Alternativa open-source ao Zendesk self-hosted.,Grátis (Self-hosted) / Pago (US$ 19/mês),Código aberto;Sem limite de custo self-hosted;Interface moderna,Requer conhecimentos de TI;Integração Zap paga,Para startups e empresas tech que querem hospedar o próprio atendimento.,https://www.chatwoot.com/,Sem Programa
ManyChat,manychat,Atendimento,Líder em automação de Instagram e DM.,Grátis / Pago (US$ 15/mês),Melhor automação de Insta;Editor visual impecável;Preço barato,Foco no Instagram;Regras rígidas da Meta,Indispensável se a aquisição começa no Instagram Direct.,https://manychat.com/,ManyChat Affiliate
Brevo,brevo,Marketing/Atendimento,Plataforma que une e-mail marketing WhatsApp e CRM acessível.,Grátis / Pago a partir de R$ 85/mês,Combina e-mail e Zap;Preço em Reais;CRM simples incluso,Funcionalidades de bot básicas;Focado em disparo,Ótimo para centralizar Marketing e Conversa sem gastar muito.,https://www.brevo.com/pt/,Impact
ChatGPT,chatgpt,Marketing/Produtividade,IA conversacional líder da OpenAI para criação de conteúdo e automação de tarefas.,Grátis / Plus US$ 20/mês / Pro US$ 200/mês,IA mais capaz do mercado;Integração com ferramentas;Aceita imagens e arquivos,Pode alucinar informações;Respostas longas no grátis demoram,Ferramenta essencial para qualquer profissional moderno criar conteúdo e automatizar tarefas.,https://chat.openai.com/,Sem programa oficial
ActiveCampaign,activecampaign,Marketing,A ferramenta definitiva de automação de experiência do cliente e CRM.,Pago a partir de R$ 109/mês,Poder de automação inigualável;CRM integrado ao marketing;Machine learning preditivo,Preço elevado para pequenas listas;Curva de aprendizado,Para empresas que levam automação a sério e querem criar jornadas complexas.,https://www.activecampaign.com/br/,ActiveCampaign Partner
Jasper AI,jasper-ai,Marketing,IA de escrita avançada para times de marketing.,Pago a partir de US$ 39/mês,Mantém tom de voz;Modelos prontos;Integração Surfer SEO,Preço salgado em dólar;Curva de aprendizado,A escolha profissional para agências que precisam de escala em copy.,https://www.jasper.ai/,Jasper Partner Program
Canva Pro,canva-pro,Marketing,Design essencial turbinado com IA Mágica.,Grátis / Pro R$ 34.90/mês,Interface imbatível;Recursos de IA incríveis;Preço acessível,IA avançada consome créditos;Exportação de vídeo limitada,Obrigatório para PMEs. O plano Pro se paga sozinho.,https://www.canva.com/,Impact
Copy.ai,copy-ai,Marketing,Marketing OS que automatiza fluxos de trabalho.,Grátis / Pago a partir de US$ 36/mês,Workflows automatizados;Interface simples;Plano grátis bom,Conteúdo longo repetitivo;Focado apenas em texto,Ideal para transformar conteúdo base em peças para redes sociais.,https://www.copy.ai/,Copy.ai Affiliate Partner
HeyGen,heygen-ai,Marketing,Crie vídeos com avatares de IA realistas.,Pago a partir de US$ 24/mês,Lip-sync perfeito;Avatares realistas;Clonagem de voz,Créditos acabam rápido;Cobrança em dólar,Revolucionário para vídeos de treinamento e vendas.,https://www.heygen.com/,HeyGen Affiliate
Midjourney,midjourney,Marketing,O gerador de imagens com IA mais poderoso e artístico do mercado.,Pago a partir de US$ 10/mês,Qualidade visual insuperável;Comunidade criativa gigante;Controle fino com parâmetros,Requer Discord;Curva de aprendizado nos prompts;Sem plano grátis,O padrão-ouro para criar imagens únicas e profissionais que se destacam de qualquer banco de imagens.,https://www.midjourney.com/,Sem programa oficial
mLabs,mlabs,Marketing,Líder brasileira para gestão de redes sociais.,Pago a partir de R$ 29.90/mês,Preço imbatível;Suporte local;Agendamento completo,IA de legendas básica;Interface as vezes lenta,Melhor custo-benefício para organizar redes sociais no Brasil.,https://www.mlabs.com.br/,Afiliados mLabs
Gamma App,gamma-app,Marketing,Crie apresentações e documentos em segundos.,Grátis / Pago a partir de US$ 8/mês,Fim do PowerPoint;Edição intuitiva;Exporta PDF/PPT,Layouts repetitivos;Personalização fina limitada,Salvador da pátria para apresentações comerciais rápidas.,https://gamma.app/,Gamma Partner Program
InVideo AI,invideo-ai,Marketing,Gere vídeos completos a partir de texto.,Grátis / Pago a partir de US$ 20/mês,Cria roteiro e edição;Banco de mídia incluso;Fácil editar,Narração PT robótica as vezes;Marcas d'água no grátis,Melhor para criar vídeos de topo de funil em escala.,https://invideo.io/,InVideo Affiliate
Opus Clip,opus-clip,Marketing,Transforma vídeos longos em clipes virais curtos automaticamente com IA.,Grátis / Pago a partir de US$ 9/mês,IA identifica melhores momentos;Adiciona legendas animadas;Score de viralidade,Qualidade depende do vídeo original;Pode errar o timing em alguns cortes,Essencial para creators e marcas que querem transformar conteúdo longo em shorts para redes sociais.,https://www.opus.pro/,Opus Clip Affiliate
Trakto,trakto-design,Marketing,Alternativa brasileira ao Canva com templates nacionais.,Grátis / Pago a partir de R$ 49/mês,Templates brasileiros;Recorte mágico;Pagamento em Pix,Menos IA que Canva;Biblioteca menor,Excelente para templates adaptados à cultura de vendas BR.,https://www.trakto.io/,Afiliados Trakto
Leonardo.ai,leonardo-ai,Marketing,Gerador de imagens artísticas alternativo ao Midjourney.,Grátis / Pago a partir de US$ 10/mês,Qualidade estonteante;Plano grátis renova;Interface web,Exige prática nos prompts;Vídeo experimental,Para criar visuais únicos que se destacam de bancos de imagem.,https://leonardo.ai/,Leonardo.ai Affiliate Program
Descript,descript,Marketing,Edite vídeos e podcasts editando o texto.,Grátis / Pago a partir de US$ 12/mês,Edição por texto mágica;Remove silêncios;Clonagem de voz,App web pesado;Legendas PT falham,Indispensável para podcasts e vídeos falados.,https://www.descript.com/,Descript Affiliate
ElevenLabs,elevenlabs,Marketing,A IA de voz mais realista do mercado.,Grátis / Pago a partir de US$ 5/mês,Vozes indistinguíveis;Dublagem automática;Vozes BR,Caro para alto volume;Planos complexos,Ferramenta definitiva para dar voz profissional aos vídeos.,https://elevenlabs.io/,ElevenLabs Affiliate
Leadster,leadster,Marketing,Chatbot brasileiro com IA para qualificação de leads em sites.,Pago a partir de R$ 199/mês,Qualifica leads 24/7;IA aprende com conversas;Integração fácil,Requer tráfego no site;Não é um CRM completo,Essencial para automatizar a primeira conversa e não perder leads no site.,https://leadster.com.br/,Programa de Parceiros Leadster
Notion,notion-app,Produtividade,"O espaço de trabalho tudo-em-um que substitui Google Docs, Trello e Excel por uma única ferramenta flexível.",Grátis / Pago a partir de US$ 8/usuário/mês,Flexibilidade infinita (crie seu próprio sistema);IA integrada para resumir textos;Comunidade gigante de templates,Pode ser complexo começar do zero (tela em branco);App móvel um pouco lento,"O sistema operacional definitivo para startups e PMEs organizarem conhecimento e tarefas em um só lugar.",https://www.notion.so/,Notion Affiliate (PartnerStack)
ClickUp,clickup,Produtividade,"A plataforma que promete substituir todas as outras, unindo tarefas, docs, chat e metas.",Grátis / Pago a partir de US$ 7/usuário/mês,Recursos ilimitados no plano grátis;Visão de Tudo (Dashboards);Automações nativas poderosas,Curva de aprendizado íngreme devido a tantas funções;As vezes apresenta lentidão,"Ideal para equipes que sentem que o Trello ficou ""pequeno"" e precisam de uma gestão de projetos robusta.",https://clickup.com/,ClickUp Affiliate
Monday.com,monday-com,Produtividade,Sistema operacional de trabalho visual e colorido que torna a gestão de projetos divertida e intuitiva.,Pago a partir de R$ 45/usuário/mês,Visualmente incrível e fácil de usar;Automações sem código;Dashboards de gestão prontos,Mínimo de 3 usuários para contratar;Fica caro conforme a equipe cresce,A escolha premium para times de marketing e criativos que precisam organizar fluxos de trabalho complexos visualmente.,https://monday.com/,Monday Partners
Bitrix24,bitrix24,Produtividade,Plataforma de colaboração tudo-em-um com CRM projetos e sites.,Grátis / Pago a partir de R$ 249/mês (5 usuários),Muitas ferramentas em um lugar;CoPilot IA integrado;Preço fixo por grupo,Pode ser complexo de configurar;Muitas funcionalidades não usadas,A solução canivete suíço para centralizar toda a operação pagando em Reais.,https://www.bitrix24.com.br/,Bitrix24 Partner
Pipefy,pipefy,Produtividade,Plataforma brasileira de automação de processos com IA.,Grátis / Pago a partir de R$ 95/usuário/mês,Automação visual sem código;IA sugere otimizações;Suporte local,Não é um CRM puro;Curva de aprendizado para automações,Perfeita para padronizar processos de vendas e pós-venda com automação.,https://www.pipefy.com/pt-br/,Pipefy Partners
Fireflies.ai,fireflies-ai,Produtividade,"IA que entra nas suas reuniões (Zoom/Meet), grava, transcreve e gera a ata automaticamente.",Grátis / Pago a partir de US$ 10/usuário/mês,Gera resumos automáticos perfeitos;Busca por palavras-chave dentro do áudio;Integra com CRM,Transcrição em português pode errar termos técnicos;O bot precisa ser convidado para a call,O fim das anotações manuais em reuniões. Essencial para times de vendas e gestão não perderem nenhum detalhe.,https://fireflies.ai/,Fireflies Affiliate
tl;dv,tldv-io,Produtividade,Gravador de reuniões gratuito para Google Meet e Zoom com transcrição e clipes de momentos importantes.,Grátis / Pago a partir de US$ 18/mês,Plano gratuito muito generoso;Interface focada em vídeo;Cria cortes (clips) fáceis de compartilhar,Transcrição menos precisa que Fireflies;Focado apenas em vídeo (não áudio solto),A melhor opção gratuita para gravar reuniões de clientes e compartilhar os melhores momentos com o time.,https://tldv.io/,tl;dv Ambassador
Make,make-com,Produtividade,"Antigo Integromat, é a alternativa visual e mais barata ao Zapier para conectar seus aplicativos.",Grátis / Pago a partir de US$ 9/mês,Muito mais barato que Zapier;Editor visual de fluxos complexos;Conecta apps brasileiros via API,"Curva de aprendizado técnica;Menos integrações ""prontas"" que o Zapier",A ferramenta secreta para automatizar processos complexos da empresa sem gastar uma fortuna em devs.,https://www.make.com/,Make Affiliate
Zapier,zapier,Produtividade,O rei da automação que conecta mais de 5.000 aplicativos sem você precisar saber programar.,Grátis / Pago a partir de US$ 19/mês,Conecta praticamente tudo que existe;Muito fácil de usar (Se isso > Então aquilo);Estabilidade total,Preço salgado para alto volume de tarefas;Plano grátis limitado,"Indispensável para automações simples e rápidas entre ferramentas populares (ex: Lead do Facebook para o Gmail).",https://zapier.com/,Zapier Partner
Conta Azul,conta-azul,Produtividade,Plataforma de gestão financeira e ERP feita sob medida para a realidade das pequenas empresas brasileiras.,Pago a partir de R$ 109/mês,"100% adaptado à lei brasileira (NF-e, Boletos);Conecta com o contador;Interface financeira simples",Focado apenas no financeiro (não é CRM);Suporte pode demorar em picos,"O ERP padrão para PMEs no Brasil. Se você precisa emitir nota e boleto sem dor de cabeça, é este.",https://contaazul.com/,Programa de Parceria Conta Azul
Trello,trello,Produtividade,O clássico sistema de quadros Kanban que ensinou o mundo a organizar tarefas visualmente.,Grátis / Pago a partir de US$ 5/usuário/mês,Imbatível na simplicidade;Plano gratuito resolve a vida de muita gente;App móvel excelente,Fica caótico com muitos cartões;Falta recursos de relatórios nativos,"Para quem está começando e precisa apenas de um ""A Fazer, Fazendo, Feito"" digital e eficiente.",https://trello.com/,Atlassian Partners
Asana,asana,Produtividade,"Gestão de projetos focada em colaboração e clareza sobre ""quem faz o que e quando"".",Grátis / Pago a partir de US$ 10/usuário/mês,Ótimo para listas de tarefas e cronogramas;Interface limpa e rápida;Boas integrações,Preço em dólar pesa no orçamento;Alguns recursos básicos bloqueados no plano Enterprise,Excelente para times que preferem listas e cronogramas ao invés de quadros Kanban.,https://asana.com/,Asana Partner
Slack,slack,Produtividade,O escritório digital da sua empresa. Comunicação rápida que substitui o e-mail interno e organiza conversas por canais.,Grátis / Pago a partir de US$ 7.25/usuário/mês,Organiza a bagunça do WhatsApp;Busca de mensagens incrível;Integra com tudo,Histórico de mensagens apaga no plano grátis (90 dias);Pode gerar ansiedade de resposta imediata,Obrigatório para separar a comunicação profissional da pessoal e manter o time alinhado.,https://slack.com/,Slack Referral
Otter.ai,otter-ai,Produtividade,Assistente de reuniões focado em transformar voz em texto e identificar quem está falando.,Grátis / Pago a partir de US$ 8.33/mês,Identificação de oradores (Speaker ID) muito boa;App móvel funciona como gravador inteligente;Notas colaborativas,Focado em inglês (português ainda em beta/impreciso);Menos recursos de vídeo que o tl;dv,Ótimo para quem faz reuniões em inglês ou precisa apenas do áudio transcrito rapidamente.,https://otter.ai/,Otter.ai Affiliate